Coord_X,Coord_Y,label
-11.158551084224431,5.656408483563299,Blue
-11.017039108899315,1.9306509883333125,Blue
-1.1086791404331193,9.507653242323528,Red
-8.27344987135634,2.8395572176947876,Blue
2.7851599680545087,8.831571584309735,Red
-8.42498046678639,4.9258470388801845,Blue
2.577258534870037,9.017734645614544,Red
2.115202296289081,4.525836559078057,Red
-11.820151580390771,3.519511631915859,Blue
-11.856236591764677,1.5136080767923166,Blue
3.1888731663665366,7.255311799326961,Red
0.5616540784668271,5.53480257822702,Red
2.8956378105769978,8.671631132496044,Red
1.3860992520838495,9.882534881729992,Red
3.160283428876867,5.257963642767343,Red
-12.235109039237665,6.002942428397006,Blue
3.691522435710288,6.781705367490741,Red
-11.080220449485301,3.718435508012298,Blue
3.589934997897787,5.985486694768022,Red
-10.144376246973344,1.1675193335347722,Blue
1.8677582400159791,8.900606302682863,Red
5.503351201517653,6.544100255107516,Red
-8.400115700146053,1.6697327532861692,Blue
-10.988128044747983,6.011098308705872,Blue
-11.244254181092058,5.817154774180574,Blue
0.5763804458199737,5.009072128405723,Red
0.541282285328466,8.186978130769166,Red
1.2406381480263515,8.066146811203884,Red
-9.552565277285916,1.894809451921905,Blue
2.2386167161419994,11.751257340750406,Red
-8.204012348227652,4.745248316634404,Blue
-8.511699343729113,3.556391501189086,Blue
3.3078433962910196,4.743903151411219,Red
-13.167359214556994,4.482381110832068,Blue
3.3846340901718626,9.206127027303804,Red
3.9992369433081327,7.561642245241153,Red
-1.2500049355760599,5.793702361906869,Red
2.9541207787785604,6.46680343178844,Red
-10.139216286650822,4.8655190051945425,Blue
4.650088707704699,3.6130893383140497,Red
3.0043829420635184,4.690290475561454,Red
-9.44922380071286,2.1307196573351472,Blue
2.573575144071488,6.062199090440245,Red
5.854446694461589,2.8978498478432426,Red
-9.260526222895843,4.593133124349943,Blue
-6.791474502341746,0.8151269007606126,Blue
4.922456063227626,3.815555956937212,Red
-9.67468961887766,6.72696613295281,Blue
-9.136377157854081,6.028481340552844,Blue
0.2844043110981591,6.238209879791221,Red
4.595642625493529,6.477388305429978,Red
-8.28013138547114,2.955719877937686,Blue
1.0812067413570943,9.585515768614481,Red
-8.903914828768501,0.6715403120916617,Blue
0.2309476413237439,5.065664142297339,Red
3.5345703942123197,6.057786192821276,Red
3.6822457800784973,4.324934626722927,Red
-7.492298872838827,6.78870754988178,Blue
-10.288020342053843,2.7843357270079374,Blue
-0.013838518578594083,4.992336477531143,Red
-7.917117959790815,5.572616002271382,Blue
-14.085788234669142,6.759851005334317,Blue
-8.5095957418972,1.1817599508524004,Blue
-6.797670497884458,2.4789821583152376,Blue
-7.404384309737944,2.6436628521442285,Blue
5.579173155539486,6.61588201142927,Red
-10.308936025115283,4.2918063553343755,Blue
-11.767991450447845,3.973885867145712,Blue
4.966911842182991,10.269321083523746,Red
0.5897465603581946,7.928033112809659,Red
2.6176407832613644,5.59805466074272,Red
-6.694356502533429,3.715397963920152,Blue
1.3845120591178433,7.519373919398249,Red
4.782701266120808,6.765611841124574,Red
-12.367372322695338,6.767782799066734,Blue
-9.205880062821151,2.0842201670117086,Blue
-13.240601485476486,3.8969127702750903,Blue
5.897563142530933,6.75979338918913,Red
2.055514902831672,6.460020624052786,Red
1.6319898557043921,13.540059420851637,Red
-13.249868531417395,8.603724208832471,Blue
5.666269350771881,4.468829931927161,Red
4.49885778709928,7.56033254040736,Red
-8.030393154267582,5.4188204384474625,Blue
-13.923541488768787,3.176610032900979,Blue
-10.466929921313382,0.10039254164557487,Blue
2.6583208902677,6.3642088307600115,Red
0.8779244934855268,7.468804489378242,Red
0.7911415488932412,5.751823751771944,Red
5.517503032457342,7.142339037251417,Red
1.6175111045945345,6.6210613609453635,Red
-13.80154391868735,0.005083817866629925,Blue
-1.3264721908094628,9.00587456717236,Red
-10.748995538276253,4.343994530701535,Blue
-11.661311987527146,2.303663033548967,Blue
4.262152775722928,6.83393267451234,Red
-7.963596554721483,4.514675311534446,Blue
6.538711733274036,6.078113440801094,Red
0.7495538035487836,8.76748368345193,Red
6.834704493360881,8.612327272360357,Red
2.227448289795771,9.352022789046277,Red
4.553408014359386,7.411267309406273,Red
3.66262589376079,6.516282351069137,Red
-7.176230410454064,3.549174401356643,Blue
0.9635783533544471,7.657446477708705,Red
-10.912829115735352,4.0077993726924515,Blue
-6.600959426139639,0.042799877425447,Blue
-9.766666393448483,4.258919593862407,Blue
3.615979098167034,7.353934154640433,Red
2.460183320364573,10.788002135154928,Red
-9.856144788748356,7.1079975888145,Blue
5.140907038437225,8.349346031460353,Red
-8.94355110369154,1.35084209254972,Blue
1.7506997614522923,10.007088178941487,Red
1.494220629654238,5.29519659940542,Red
2.4726829579659895,6.624056801249357,Red
-11.833409534553716,1.8916042299999827,Blue
2.9070756101693074,8.428446463481432,Red
1.102539645686291,8.545538483092983,Red
-8.393630238425608,2.378479743216465,Blue
-11.05349925730978,3.6412290948987436,Blue
-9.213829652765959,-0.8747121571129206,Blue
1.2946544348224118,5.3723461856597865,Red
-10.59797816746284,3.2655704367042118,Blue
3.351422937426056,6.725387932392692,Red
4.683365238411316,4.343658998213389,Red
-5.4125122269037185,4.696995327483807,Blue
-7.838379878876464,2.8661674248739226,Blue
3.6128668024139214,10.109842963945441,Red
-0.7208222757580409,9.829050217767563,Red
-10.789517841448426,4.972866669930459,Blue
-12.349820069035603,5.183907362833114,Blue
-0.7783297144780392,7.499386090585147,Red
-10.998852572339382,3.5379100003690045,Blue
-8.405164968737294,6.286639433791861,Blue
3.15925195890524,10.256068630810349,Red
1.2169619688248996,5.577072039170492,Red
2.965963817962798,7.483931089381785,Red
-7.955503450897128,3.204098835537627,Blue
2.030585269040999,5.233320426717675,Red
3.7858574118258868,9.493673125114746,Red
2.6950492962261703,10.129169576983033,Red
2.9698728890871853,7.484218586138971,Red
-10.887751893192105,3.097601330823163,Blue
-7.7760128694393735,1.8510141002123346,Blue
-11.00548932537762,4.85918415215615,Blue
2.064680636980169,5.763436453502562,Red
-0.20437292278699148,7.736505404053856,Red
-10.472818423987055,3.839309370497899,Blue
3.066112191946348,9.789818031455113,Red
1.554765097251888,6.360889489480984,Red
4.1934017216686446,6.801850874732585,Red
-9.672268091584995,2.407795657570979,Blue
-7.474847897033586,4.509135654643911,Blue
3.248564978342229,6.499768570883728,Red
-8.478397398026623,1.406064922354529,Blue
1.84498139693061,6.599454737594388,Red
0.8990445716750946,6.631475887869764,Red
-9.89658055897846,2.4319164441416667,Blue
-11.541312824936,1.5075216578818798,Blue
0.09368285568618084,5.957397501088813,Red
-10.196751479565906,5.721726229603818,Blue
-13.151619209816662,1.5600901049274087,Blue
4.715010316750613,8.519444073384363,Red
-0.31597138233396915,6.555991216081093,Red
-10.991269351805007,6.926615998516779,Blue
1.8145891415097588,8.343588775528943,Red
-8.310377235264484,2.991106602177932,Blue
-5.945832003400613,4.055420430683387,Blue
-7.596621588813074,4.652214907173015,Blue
-13.138179287255456,6.322383263448481,Blue
-8.43537768393793,4.811443285834423,Blue
-4.103967852222197,1.0349229687306756,Blue
-10.835997050329256,1.0274742172885287,Blue
-9.549132260973858,3.218942492219197,Blue
-9.851131963666706,7.297687512846872,Blue
-10.9035637924733,3.3978747930241937,Blue
7.3679974051714,4.394390974259121,Red
2.6237503897926104,7.503404386396291,Red
1.7161509781538367,9.476898259015961,Red
1.9813493872809889,7.159799212719277,Red
-6.814096798642114,4.861017413844822,Blue
-10.02225261400585,4.421268117380875,Blue
-5.972977429009402,1.7452989111995936,Blue
0.3797042489758429,3.867455405783715,Red
3.6704628637023164,7.733188373575871,Red
0.010276970208346725,8.37961203807504,Red
1.8997941026094276,8.539241678490939,Red
2.250758736796169,8.668137468891118,Red
4.05627070893682,8.564138972904544,Red
1.801046072822872,6.3224315615204,Red
-9.705138576920753,3.6991731239337593,Blue
-6.986234056988584,-1.0621905494562682,Blue
0.5918790375084482,5.329928960398818,Red
-11.676058125249313,1.3691232999271175,Blue
-7.063890406601027,0.3416191590821662,Blue
-8.949429597883256,4.685119823103404,Blue
-14.814574433261779,3.6235812953805526,Blue
0.4748920611490808,7.265037316317103,Red
1.8121666142313808,5.3732133240818944,Red
-5.3767093314079695,2.917065069194301,Blue
-1.8586669459086478,7.843417960691368,Red
-10.558881700346157,1.9323481965669387,Blue
3.131450070432763,7.625065580834798,Red
7.629065930896274,7.276020064508757,Red
4.001248927636743,5.985823810663694,Red
2.878972723246494,8.101724689367549,Red
2.2735376269693863,8.111711569650783,Red
-8.514391287550918,4.106715653642374,Blue
-8.83584813112048,4.157750123395443,Blue
0.6637921691124684,7.894927126013597,Red
-8.932287437941659,3.7000219819344244,Blue
-9.309052629071797,3.9155888619754515,Blue
-8.905023065645121,5.373457009417885,Blue
-10.442473364117298,1.9718941063831816,Blue
3.567913997297322,9.444861445280337,Red
1.3096603797013109,9.959476142666308,Red
2.666525121878283,7.003823996569241,Red
-10.967507164263571,6.17257241976925,Blue
1.809080681308754,6.1189340199529925,Red
-8.370626579445469,-1.1360640093052146,Blue
-7.443178887705566,-0.5242191370287514,Blue
3.219418017628942,8.685110338137138,Red
-10.699676968329838,4.405761416410319,Blue
3.559779034042543,8.431757679868918,Red
-8.31570579816067,6.313433618536606,Blue
4.558056448614462,9.458783238025003,Red
-6.060762353238967,5.192123473214703,Blue
-7.001717636769065,4.960772534636671,Blue
4.154915512447044,8.803146321791687,Red
-9.149732536092767,2.654062560053573,Blue
-6.151718217289876,3.137348384134519,Blue
-10.493713922203558,4.2119278441158245,Blue
0.17196988769859223,6.514547754163525,Red
1.5851696602605194,11.315585373883723,Red
-5.444839623776065,4.547316188475867,Blue
-11.157017852428964,3.0746959276801915,Blue
-10.51629197516528,0.27235896981314545,Blue
-8.252606642017582,5.988485859762581,Blue
-0.8105503772508409,7.493974978193943,Red
2.682669443980327,2.640623470437756,Red
-0.3126659838893935,2.698982119084193,Red
-7.855071664820014,2.7766854009477147,Blue
5.992107375720047,2.8681280346803,Red
5.181087353083669,7.31739566839866,Red
-10.6904637308141,2.537141190554959,Blue
-0.38426396350320813,9.692443425297038,Red
-7.319806529578644,4.203570079210333,Blue
4.537061326840105,7.8635997007844685,Red
3.8770703331769845,7.860571593596928,Red
2.934314105309015,2.2909822446096966,Red
-4.959678014528852,0.9893004963124463,Blue
-10.923384320037663,5.080081326435434,Blue
-9.78678465555375,4.267808935144263,Blue
-4.69112436171099,5.728461065294188,Blue
-11.519834059936677,7.793206035385843,Blue
-8.494814682761188,4.592208538830789,Blue
0.5159825298741656,8.575920146507741,Red
1.0777694803976967,7.144612859872226,Red
-8.895761287296658,5.732985252370044,Blue
2.5876113024828693,6.41583274519447,Red
0.5916448559466341,4.207473201692216,Red
-8.41356066348331,2.5605746911032083,Blue
2.6594328648454146,8.95659753141527,Red
-8.504264805224286,3.9919474316824393,Blue
-5.121912320502973,3.626095249891648,Blue
-7.909806653696103,5.625078279752959,Blue
-5.62450385088268,-0.6270510288980056,Blue
3.7822711098830197,9.238951547334693,Red
-0.560764955932723,10.482437658884278,Red
3.323569056344436,7.856776630924653,Red
-5.736275773775215,3.918922675420356,Blue
-13.996551022972707,3.1393529996637843,Blue
1.8280550426062667,7.765176977054046,Red
4.257290019114816,8.869936829253177,Red
2.7595363713459875,8.365005773485244,Red
-1.3444672296345264,7.17108579699755,Red
-13.505370423603397,6.32182125279418,Blue
-8.796108120774738,4.18992344274926,Blue
-12.968245597982614,1.788695766165882,Blue
1.7156400858668208,9.520264274046104,Red
-10.510039793333004,1.0747875614113132,Blue
4.782632203208889,7.914306139331169,Red
2.70012583326963,8.056479861781527,Red
-1.1195322826203773,10.798028554772008,Red
-10.262060766574864,5.63439694430541,Blue
-9.154755405407547,6.585896039412859,Blue
-11.47888446275223,2.2370818062743476,Blue
-11.469607495772994,2.6452012065185886,Blue
-14.315039657306668,6.353487456740135,Blue
-10.212925008182985,1.2916441461282195,Blue
-8.204685428034908,6.600985206766913,Blue
5.8249204935917085,6.062397657691647,Red
-0.8061530437762165,4.27891977169517,Red
-9.003579025649099,4.176583208789783,Blue
-5.914513082438258,5.347573343683178,Blue
-9.632722173924305,7.229438516667059,Blue
3.89603513471475,8.329117346726814,Red
-13.962054156474089,1.9697453628302037,Blue
-11.546345994574878,3.0756271884474806,Blue
-12.441426716834643,-2.5941813728294587,Blue
4.920154702765787,6.18882726199992,Red
-9.898628358970388,4.650168801234676,Blue
2.5936898822860424,4.379925812401874,Red
-8.665361954595589,5.7025635876592355,Blue
-12.867883004842422,4.945882054230818,Blue
0.49190066652502495,6.079967843893284,Red
-2.508020351679896,6.1515960460456185,Red
2.002323037480422,5.9775931875366375,Red
-11.166214080771415,1.1117834797621087,Blue
-12.681056681114342,4.396235175505195,Blue
-5.643084411264249,4.676634876529879,Blue
4.4409231651324745,4.5700204810070435,Red
-9.71189839902223,2.202261626986168,Blue
1.8714274461589788,8.328859183215219,Red
-11.446196975881628,3.7139112883315004,Blue
-8.602369373235522,2.992522442442601,Blue
-10.81954068388127,3.626645368556135,Blue
-13.678687815676565,7.160416141979331,Blue
1.259126683290324,8.9718371127646,Red
-10.720550333855126,3.3592963628501,Blue
-8.183343387710824,4.279038787447695,Blue
6.348548125250936,7.016573428952682,Red
2.789821851124774,4.176232961891525,Red
-13.481045772928546,4.364837688453896,Blue
-7.399986731034934,4.019127061308968,Blue
3.0063305597121635,9.056540562975734,Red
-11.084659752319478,3.9550774032326497,Blue
0.8528306148039753,10.560346128454263,Red
-10.084900658477324,4.047739195614254,Blue
-6.915975197865467,5.253476132102791,Blue
-10.625251021863848,3.78916300750291,Blue
1.7689483595200282,6.108743754458204,Red
-7.006359404839419,4.250510012310575,Blue
0.8963679414117298,10.947349352336941,Red
-11.02896552036221,8.838041704379002,Blue
4.70589567422317,4.919723875188176,Red
-7.672093876119761,2.1369161739072533,Blue
1.6179373817967968,5.658222144851513,Red
-12.434014744983415,2.7777035873713474,Blue
1.0697542664139594,8.501046198543214,Red
-6.5666888008841635,0.09540162579942368,Blue
4.53217718410594,10.844406336374904,Red
-3.0034473107159503,9.14548994231513,Red
-9.149314224945122,4.214915716325441,Blue
-9.733656711793653,1.2468041340865317,Blue
4.146661922495428,7.744588031469207,Red
-10.875144639476451,2.1748226769714747,Blue
2.5309380040274254,8.201820511682978,Red
-11.146446878181692,3.593501033521177,Blue
-9.5006334482503,6.20552463915092,Blue
3.9609920340588998,4.808103773512624,Red
-7.290342411033833,3.3921238004906433,Blue
-9.275282071420152,0.7297977872240438,Blue
-7.310611934070435,1.2243110583423755,Blue
4.425191743689058,7.217150675091075,Red
0.06995827807606148,7.064385656189094,Red
-11.16188271019206,4.240869657004992,Blue
-0.9739184016387727,6.85589992069039,Red
1.727310942759353,6.328151024693883,Red
2.095437157983147,5.134682999723719,Red
-0.11874972565227093,6.7277361768601445,Red
-9.596893891843047,4.143337838950174,Blue
6.623410180556007,8.277425382444465,Red
-6.672194747998404,3.6096563708550717,Blue
-8.93438241740028,3.6008756119597916,Blue
0.8339860818636984,7.920983636498206,Red
1.204931451307697,9.460336617872187,Red
-1.3730093313635305,8.898263265189764,Red
-13.529212470590544,5.126561823010809,Blue
5.412573222727133,7.89000060893321,Red
-10.146021368919767,4.658663488064664,Blue
2.019395148927618,5.266343253478805,Red
-9.004412695048403,5.217616712730912,Blue
1.6800569427658356,7.142257856626697,Red
3.2333479126360603,9.039706652470597,Red
-7.188656668711371,7.279479105862604,Blue
-9.661539106639216,3.9388662763592137,Blue
-8.39524242555823,2.8262290549474334,Blue
-11.183733072983589,2.1894029791733374,Blue
3.7098164431636587,7.88269780105076,Red
-9.428179405870845,3.1965493981496063,Blue
-6.976302583780235,1.7945154026768022,Blue
3.501691440311874,6.368224788882746,Red
-9.479717011603974,4.312658777139896,Blue
1.0630607072482456,8.947307189724786,Red
-0.7718167678649093,8.823065399634583,Red
-12.286871467877162,2.322626470891402,Blue
-6.897497000639614,2.710739277434752,Blue
0.15057773219690995,7.408742307280813,Red
2.5928358252816657,6.793756205924531,Red
1.827883850519642,8.447224297959336,Red
2.3844412849335974,7.7489546412192025,Red
4.341108319620091,6.832253601385771,Red
-9.932036702191093,0.2512981642047154,Blue
3.5051659881851367,9.501278281066188,Red
-6.7262781515983665,7.779890276400073,Blue
0.16458935166183242,8.099420628897475,Red
2.9916252032922164,5.0103348132382415,Red
3.4967078426683864,2.5535716417405503,Red
1.745739013960038,4.975640570890761,Red
-8.850866132325484,7.7307773627693885,Blue
-11.866206322374829,5.851698222956692,Blue
-7.095755221410069,-0.47740166118210503,Blue
5.732305168026215,9.003405793809208,Red
0.5760613534665406,5.077701803506658,Red
-12.006237675053297,4.526181801232749,Blue
-11.392062743904626,2.4235051402724004,Blue
-14.441397570815013,2.349179223247969,Blue
5.632146025595956,3.895733453581793,Red
-9.462396880662627,6.210430471023274,Blue
-11.635744199615008,3.707026027952343,Blue
-10.576302264877757,2.348817594595464,Blue
5.006193018542474,9.495072691847545,Red
-7.995712326540115,4.096534732665523,Blue
5.1164165294321275,7.012454269649183,Red
-7.470434623930192,6.016485789339866,Blue
-8.493503998440875,3.716393570955674,Blue
-9.930623241226213,4.058705492371027,Blue
-11.332437004582058,2.3454061335746084,Blue
1.9794745201545259,8.990586746934506,Red
-8.659364141174468,4.310862783150289,Blue
1.910037745308892,9.369780011711068,Red
1.5025900810708146,6.102799283324867,Red
-8.020902633700855,7.406232387156323,Blue
1.144013733578891,8.812941282286076,Red
5.527465416064558,6.394138628530303,Red
-0.4468102285417199,10.996260596024573,Red
0.8796889426865286,10.555183010522102,Red
-12.604383421703306,6.781830801463659,Blue
1.9446367168546068,8.413474131044337,Red
-7.016173238271481,3.154776793795935,Blue
0.9467925263783505,9.682674073643062,Red
-5.496913130025667,4.620211651729475,Blue
-7.3376592415932045,2.3733251222285467,Blue
5.886116626612591,11.992949571560448,Red
-10.746900249432567,5.1264197982644255,Blue
-1.047025128798131,6.015914578101969,Red
-8.418075694085747,3.7719298308400684,Blue
1.2475561161744932,6.582585867927932,Red
-6.085567934346104,5.420548128767387,Blue
5.559351504155234,4.6591832271497555,Red
-12.992209079516517,2.4996820863859153,Blue
-5.171146829551873,3.979302677826605,Blue
-10.70044530357283,5.798317186442114,Blue
-11.050116400416632,2.600659480547881,Blue
3.888607200477262,10.220376240494932,Red
-11.807715667002109,3.9050448788712315,Blue
1.1347713657363667,7.00723166802484,Red
-3.2029248815915548,6.411048261720433,Blue
5.018607850147212,11.854815202461928,Red
-5.801722397811318,2.7827462695591034,Blue
3.887227443242888,8.696500312469288,Red
-6.911231616520851,5.727189926290536,Blue
1.4801967331250951,6.498799915616594,Red
1.7259130839678214,6.571242292959733,Red
-12.817044161651388,3.4363150620360026,Blue
-9.812622410016433,2.392187435028119,Blue
-9.029637160987598,5.41023711455269,Blue
3.9148474839556426,7.004509656578485,Red
1.2994093963372544,8.362184857416834,Red
2.8915052924488824,7.424743481570566,Red
-7.770215771488369,3.6695604039671004,Blue
4.709462236856312,10.073329676331404,Red
1.8423764419562916,5.05392897761613,Red
1.6410977739980128,11.130353074168976,Red
6.049813105344283,6.554291034973184,Red
-9.755150162618433,-0.8488748658394067,Blue
0.17967749168465552,7.727303527112666,Red
0.7118765702088572,7.223728656606417,Red
-13.07540160439337,5.684958289288127,Blue
3.5235209130856013,6.9345290311311745,Red
-13.052292592165202,6.514282671255406,Blue
-8.23759858577049,7.204904514626308,Blue
2.0669728627390196,7.176339065701458,Red
-9.265327921891371,1.2599401836025996,Blue
-10.946424453524394,1.753565435855672,Blue
-8.184162989483108,3.900188243845273,Blue
1.9461850102376572,7.157536945476265,Red
-8.32916424250113,4.50148712171326,Blue
0.8828474592314235,7.477210531214932,Red
2.043272644695402,5.550096949410091,Red
4.8736502440349305,6.645700341776832,Red
-9.566892641836741,2.8878181768220363,Blue
2.535849164698909,7.955844047665758,Red
4.306089992901699,6.999719131878193,Red
2.687945572524803,5.389790814609361,Red
3.7751835783499157,5.34360693531941,Red
-7.428860268234019,5.880930683563461,Blue
-8.569661259083551,2.355221790359619,Blue
-5.428111481815453,3.145279779029061,Blue
-9.979231447384143,4.510536558232423,Blue
5.134532123408979,8.767156874017303,Red
-7.881833928925108,4.641212622437919,Blue
-12.441310546468808,4.512537193276199,Blue
-11.158169932136547,0.3505928843079169,Blue
-2.206638416745503,8.12689550747419,Red
-10.771522478014926,3.0871006149757294,Blue
-1.305454765140941,4.370523679529677,Red
3.273539539829339,9.04374470759625,Red
1.2636123195519071,5.936795862031741,Red
5.560173276454692,9.406123331035122,Red
4.494846008144332,5.53684823268214,Red
-1.63713105132984,11.016749406909375,Red
-7.585888760555916,2.9969766503448465,Blue
3.371906298674966,5.693123661045367,Red
-1.580888775202821,6.202161698176096,Red
7.021435567709056,6.445029264802038,Red
2.3397032198579697,4.031182279947362,Red
4.955913212205625,5.056851044773216,Red
-8.089958533586255,1.5022246661236496,Blue
5.663355313167992,7.13307147507776,Red
-11.385475435073511,1.9740696120874992,Blue
-10.098094452189295,-0.2226277686611784,Blue
-8.389094469534175,-0.13607644587116496,Blue
-8.990778736968577,2.8409010303022098,Blue
-8.073370018376783,2.859325268397499,Blue
-11.448521613271659,1.132081543693392,Blue
-13.391976278360394,2.78398727102316,Blue
1.535345998779575,8.054893459607923,Red
-10.366516553869085,3.5427567232473627,Blue
1.3672306305315778,10.432828357954765,Red
0.6731632996397785,7.802102772596275,Red
-9.009471538198413,5.345118643113536,Blue
-1.54250430766302,6.042403042050438,Red
2.7985731883721794,5.1573464943949,Red
2.051624690911349,4.9497964067050315,Red
-4.876099754044196,4.483463498861114,Blue
-13.088202294845669,4.0042114695146775,Blue
-8.87590623010821,7.37485895271908,Blue
1.3316342447525547,10.740015417742212,Red
-9.347584220348802,6.778011302382267,Blue
-10.931858370647383,3.1427576194263476,Blue
4.559429937714445,5.966707895507117,Red
4.272827589624755,7.2393278371192,Red
0.3516033044980347,7.719079524071246,Red
2.5285973070554606,6.651190827166422,Red
-1.6235527883903709,5.311913578689474,Red
-7.314355810134552,1.5926211649864284,Blue
-9.285242945345434,5.494090310070597,Blue
3.679759672159248,7.4539706894315785,Red
1.713342305747424,4.877810976988503,Red
0.3238064018042981,9.692347801959304,Red
-10.082539421465926,5.479799243198339,Blue
0.9527680439461992,11.515247376581293,Red
-0.11307773399322452,11.679386180233019,Red
4.38824619538219,7.4686014061352575,Red
-10.892606057513422,2.534219600550641,Blue
-8.097324032600673,0.9613034033644929,Blue
-12.766458030557581,3.6020009910930613,Blue
-0.5712251188854363,7.373735048530259,Red
-8.24614027064986,3.90004872682609,Blue
-10.671444760412497,6.454664568482645,Blue
2.993468310250106,8.286801237617036,Red
-0.5331436497185478,5.507092022413308,Red
-7.654742208997076,4.567486823552641,Blue
-9.20312949530052,1.8148001356907615,Blue
-4.642711468283686,3.1898510687248605,Blue
-1.3192948623534395,7.4164459407862955,Red
3.5303414466658323,2.1988440548315777,Red
-7.555928471584967,4.86492445485132,Blue
-9.741477842545846,4.445275635689659,Blue
-10.032699664690226,2.7749909867117513,Blue
-7.968262997838297,5.347167221679364,Blue
-13.007164301742975,3.1410066943362662,Blue
3.2660502291122198,8.751285974460124,Red
-5.81074650016624,5.719074441157604,Blue
-7.3153621472613075,4.3705137163911925,Blue
-11.02245166748093,-0.84561562547613,Blue
-8.598982436970092,2.2111198496018614,Blue
-10.517149028632758,1.7374380791972635,Blue
4.9698436458820225,6.913809907344219,Red
4.941059296454403,5.216509665735057,Red
-11.495631275195997,0.2603660813817479,Blue
2.3552875737913896,7.9748570964916965,Red
1.5360261956758974,6.513083188910594,Red
0.2760071701324791,10.288735530040254,Red
-10.814086281736433,7.874765318759001,Blue
2.699512483666297,5.643463153987925,Red
-10.001813797776633,5.07472059147379,Blue
1.9228800546744962,8.370845505158726,Red
-10.819894669949338,3.01689514057596,Blue
4.486764420788168,5.378741916763975,Red
-10.691988948848511,1.3765198294603311,Blue
-9.91485130253353,5.747713393540314,Blue
1.0196428119172787,7.730304988844962,Red
7.033215964430909,7.015266497510507,Red
4.57435786437423,8.55440541706583,Red
1.0684775298327231,6.40318863039021,Red
-7.167202466605609,5.310695266028031,Blue
1.247855143546565,3.891489061550288,Red
-6.827540828024172,1.6825294051034048,Blue
-8.241405695393864,5.159904631084888,Blue
-9.389174645611732,5.004290358379835,Blue
2.8623149420874325,7.973578181389809,Red
3.730539808676755,7.165276432476334,Red
2.3393574280029568,6.800561930173632,Red
2.057468688506878,6.432496289179681,Red
-10.205921373765559,6.148082298751172,Blue
2.8855875227640997,8.132438840340965,Red
-10.705243211000857,1.5457365455556333,Blue
4.311103214145874,4.97234010255568,Red
3.0649262518031977,8.324737567128208,Red
-10.635310860990193,6.887129746383168,Blue
2.1340499742278567,3.45665969405582,Red
-1.9036103982215131,6.773655989180783,Red
0.2744978021356399,7.60947761847873,Red
-12.888210779748183,5.999670265788348,Blue
-8.360778567325369,2.1239448912012406,Blue
3.9620634171535727,7.845607056357347,Red
-6.034269738638448,4.865136041279307,Blue
-7.872851580449015,3.0346739446975612,Blue
-10.92574242086848,4.084100798449438,Blue
-9.645156852685444,3.79610885471438,Blue
-10.699430906406999,3.86272947937237,Blue
1.9711230935910211,8.053667308852248,Red
-6.218926142819695,3.4953346073123392,Blue
-12.692830497463031,3.66792184532333,Blue
-0.12873347568974403,7.134059233413041,Red
4.136637344744894,8.320234447545909,Red
4.715749163823207,6.67969351271399,Red
3.604268409439248,6.6049535983822345,Red
-13.197214661854883,3.93376531177962,Blue
3.0949074220931116,7.7446318831916825,Red
-7.715358801917256,5.120665853841036,Blue
-10.567577305741942,5.082574103882703,Blue
-10.73308200072419,0.526372523495461,Blue
2.251772849344218,10.604837607569515,Red
-10.689594582488642,2.7962164885655785,Blue
3.3462077818307407,8.983902561837462,Red
-9.064802239816618,2.026092288052569,Blue
-10.523212876518219,-0.6151858940046937,Blue
-8.825591962447442,4.251421356329458,Blue
-4.737161288751053,1.7816731622116548,Blue
-10.481103351241247,4.340340119249294,Blue
-6.468554290671961,4.859420802419438,Blue
2.9933130876202263,6.965696894897662,Red
0.29942136540161846,6.4596239221865135,Red
3.015555076956391,10.529615596043392,Red
-7.667127259764276,4.747546983674461,Blue
-7.52165750677552,7.195617905417203,Blue
-0.4454898688078557,8.070814474725593,Red
-10.43637130287199,4.961775691940437,Blue
-8.866972479045778,2.3839852195178457,Blue
2.0678308956700615,9.450618372298434,Red
-6.8181243689648525,2.886698338182304,Blue
-10.688633793614125,5.9280300078332155,Blue
0.8632284385220952,8.876155655926922,Red
2.0276139088895557,5.640666625805291,Red
-9.447496017823221,6.889938619643058,Blue
-13.071148493589664,1.7036838768779337,Blue
0.721052164626256,8.15545940045832,Red
2.374000517692786,11.459990461475998,Red
5.389963175121318,9.227367555891622,Red
-6.2604826050762306,6.311362230671746,Blue
2.113827347442553,8.156827873188401,Red
4.298919017053117,9.161176598152098,Red
-10.406900224618262,5.062258191797122,Blue
-10.191732497693451,3.109459762969348,Blue
4.0139852673131955,8.137508318586999,Red
7.624211209271824,4.485995881604659,Red
0.9041733154894418,6.809682812090811,Red
-7.413133049461861,4.4494197589278786,Blue
0.6062414858006628,12.527145668301209,Red
3.8401303817089416,9.852905560636087,Red
-12.278734694435682,2.758712431410757,Blue
-7.291150395981882,5.128189581117443,Blue
-5.4944852365376775,5.5726245578032145,Blue
-0.06280163758808888,3.7732555564395924,Red
2.6673215959891188,9.11931997642448,Red
-9.102941382934087,2.1851991226350416,Blue
-10.046660628387677,5.442761452954135,Blue
-8.109033659230555,3.2671762727329283,Blue
-8.108858549273666,2.7642926470136233,Blue
-12.311697382371797,2.815003717376027,Blue
-13.72626906292524,3.7967769496690424,Blue
-9.548536187044725,2.9704281663386114,Blue
0.7710767218140331,7.405265639011745,Red
-10.32565588724714,4.1103552042468845,Blue
-6.568471598150098,4.0096233035287785,Blue
-12.761907377021135,1.7785973285615269,Blue
-1.9786962787168791,8.300516369949959,Red
-11.309660160298202,4.150360560288811,Blue
4.160459127196979,6.449842804534947,Red
-13.059405570367282,1.5688440679029405,Blue
4.268039121582402,5.778442451323464,Red
-9.702181249218729,6.806808826713642,Blue
-11.936253447778265,4.007454369508808,Blue
-7.755987905324284,3.1655970670818063,Blue
-12.395613009710033,4.230301876886383,Blue
-7.919202972562948,2.5036097797380137,Blue
1.7085099155150434,9.387465970692622,Red
1.8592848071330146,6.401053856167387,Red
1.5199621169028006,7.71606900593512,Red
3.1937580860133856,6.1509756588370745,Red
-8.969676346385228,5.437194729499942,Blue
-9.621494659607444,3.73683476287105,Blue
2.3551656936069816,5.739017444795158,Red
-6.0712407557602805,4.796702917695936,Blue
-14.653575224234157,3.6479664646567276,Blue
2.782134277124592,8.692006961299056,Red
3.897613130748338,6.69261014431596,Red
2.814215223670846,9.385362481525227,Red
-8.018627735941934,5.0873444560760674,Blue
-7.861029394571623,6.597876914328126,Blue
-13.293319719400436,3.3260193678788252,Blue
7.266208999824785,11.203453649882636,Red
4.6111438359368755,8.152156631799539,Red
5.391986842473216,7.165283520516974,Red
0.04344974184405137,10.288444692329719,Red
-9.59636668582988,5.893241685677459,Blue
1.9076072975914533,8.232307087791147,Red
1.4259173128313718,9.709857414340478,Red
3.6663857313661583,7.8519352025752625,Red
-12.09923993446875,3.942638726744385,Blue
3.867428515093584,6.222149618360458,Red
-8.9683345463461,4.905997405201159,Blue
-0.26633654504207893,8.589220959764123,Red
6.327939201442687,8.123030679651082,Red
2.0744658464914068,5.738302441792088,Red
-0.6561672310079762,7.196772291524966,Red
1.3009799127814048,5.0260687488293865,Red
-11.205938733467107,6.831139964430008,Blue
-9.4383223794597,5.092067517591271,Blue
-9.695048431977135,0.5806923441122134,Blue
-9.733264536302869,-0.1753511464013151,Blue
2.452653504765151,8.074966462336075,Red
-8.188743983813708,-0.422736132336782,Blue
-10.904027011804418,7.861300965397932,Blue
-9.533158127533286,1.7613732967134146,Blue
-10.560931503639306,5.380920224262935,Blue
-11.605771098012294,5.265869282524865,Blue
-12.968044200433475,2.682587134121723,Blue
-9.612741326947091,5.776258429390276,Blue
-1.0216983249930291,6.917755781736016,Red
1.1271744279312188,7.780577321203887,Red
-13.172905364192346,3.087505349221054,Blue
-10.092616991930578,3.829749139995962,Blue
-12.383651826448137,2.3361125321046887,Blue
-12.227144840518914,1.4689541054009916,Blue
0.969344630301558,8.302915400086155,Red
-10.966795204394263,0.5581177147854568,Blue
2.0417791120921596,9.307398504477332,Red
-9.51828653631902,2.853398939036424,Blue
-0.10137835955560126,6.057627700900304,Red
-11.13786058037696,6.439870287808199,Blue
-9.372074007465423,1.558824628736867,Blue
1.266522285702626,7.371863487193265,Red
-7.135232011556759,2.8519483307000515,Blue
-10.11508888587415,6.532019054947606,Blue
-8.928295764698042,2.6150327402368676,Blue
-9.863685465620232,4.1687906357971185,Blue
4.299492498780494,10.525793054559474,Red
1.654696740457923,7.125139625104548,Red
-11.79791114383817,5.093112291297508,Blue
4.9216755999898085,5.218594746736784,Red
1.9853177479698476,8.447293267724351,Red
-8.509002711583099,1.5732968638355644,Blue
6.632421979144026,7.659729094990539,Red
2.773075651620727,7.971032824003082,Red
-4.494207620481049,8.72616701233218,Blue
3.0991996215600155,2.8085714989334383,Red
1.7191562174403061,6.625464966922053,Red
4.094346429352656,8.852718134147459,Red
4.052594028523107,6.709945849778558,Red
-0.5443186387124888,4.2806685064006516,Red
-0.17013117548712797,7.004220943504569,Red
3.3154501417128883,5.096537225345035,Red
0.5235384364688358,8.662939175767528,Red
1.4024653711189314,7.7119140613100425,Red
-8.223926264116864,3.552196991763961,Blue
-8.818017275221054,0.7483789242224188,Blue
-8.064285905159167,1.995035851253478,Blue
3.245861572722803,8.225827507050262,Red
-10.653000282089756,3.6497324451357143,Blue
1.5276756591987473,6.235619455518299,Red
0.9201456074133714,7.71919575796951,Red
-8.941654633617784,4.573856942046337,Blue
1.5241722071370822,10.024360940570865,Red
3.743218640801792,6.787405764246388,Red
-13.541367284103506,5.435258216658047,Blue
-8.686753178145358,2.5583278196010504,Blue
3.0692899053096814,7.223189531520253,Red
1.6405698579376486,8.696827667621696,Red
-8.980289247305517,4.757351669752463,Blue
2.363766590159636,8.12901825313508,Red
-6.009053980252016,5.2390596355014845,Blue
-9.637713577215084,2.1011234733476245,Blue
3.7704876070394944,8.150627812921803,Red
6.592150039676594,11.088641951098232,Red
0.04749989403540322,7.745929416079152,Red
2.227469424462232,7.348455508111227,Red
-6.8481003628903565,1.6868377107628318,Blue
-12.93973358963566,2.0515619893938317,Blue
4.016934274856158,5.324148514119288,Red
2.809255024601042,8.392314536411176,Red
3.9867190094224316,6.456773897664346,Red
3.7167377842882416,5.842458911234959,Red
6.718736380679064,11.880612173889244,Red
-11.962993980149779,2.164960616990827,Blue
1.3388344489995452,9.247808316846932,Red
-8.401930318539488,4.002730565476534,Blue
-9.895239463724877,6.210074502553034,Blue
-9.703742954668808,2.858942314376875,Blue
6.094095737467822,8.367698897508419,Red
2.1335877207767924,6.637424162583583,Red
1.0328999673574146,6.411818998696722,Red
-7.717593128889316,5.016992358533741,Blue
1.6767184174118526,7.263410291975107,Red
-8.620512386011447,1.1360072855606642,Blue
0.5615979716730135,4.288174032112803,Red
-8.101238950097402,6.8193112510626515,Blue
1.343950037201856,8.123630876291147,Red
-8.897863863997964,4.223468664094163,Blue
0.8935221828689595,3.3450667455765357,Red
-12.955976258000629,4.166119781665302,Blue
1.2867803759231988,7.4235727093618,Red
4.108635681650229,5.605777348547871,Red
2.3362395081844647,9.396237329590576,Red
-9.202215327263733,1.6981052462543884,Blue
3.3002537762687423,9.99223053578322,Red
3.278141267897084,6.865499748083601,Red
0.6514398288161474,7.498007145937136,Red
-10.1838357028285,0.2777279239603905,Blue
2.6511879852648863,7.93200016435732,Red
-9.834001025001328,3.588659207732901,Blue
0.9621010473551221,8.683320859459766,Red
1.8312518070434018,5.1348634654738845,Red
2.858116675708596,3.8740489694822218,Red
-8.145295634275397,4.479498285279231,Blue
-11.012291336832932,7.198601694482408,Blue
1.1279301529333148,5.712644643372235,Red
5.292357082231563,7.692645231413099,Red
3.1166528910061935,7.829195425924752,Red
-10.81929589167343,1.1490881247418425,Blue
5.248518455312881,8.376556500977797,Red
-9.84439920487296,5.413951688335924,Blue
-6.712798027109601,3.5913779916997752,Blue
-10.873970705514896,1.6444871604664448,Blue
0.7198643254390884,7.344486420910202,Red
4.248284915472774,8.31441258965057,Red
-8.361228821306385,0.93011034398284,Blue
-9.298384627879177,3.047058587477109,Blue
4.018377148748685,2.089368155455011,Red
-10.498533520169477,6.393909843183881,Blue
-11.142204232493553,4.644582266624785,Blue
5.7718612468301895,7.385762719371083,Red
1.8001569804562565,7.979428953119991,Red
4.242110428480618,4.904933203299532,Red
-11.675662893472865,7.711756546335672,Blue
1.8009299048656335,7.501199431437661,Red
-2.3551591681058515,8.090337303138465,Red
1.5967432223781102,7.204286199400492,Red
1.2339415276629484,7.396238730182086,Red
5.255123962561208,12.41431491303521,Red
-12.211328215350644,6.023960284547302,Blue
2.7584464163467066,4.901201674253113,Red
-7.659907617845416,3.0046669865962845,Blue
-14.841456833184711,1.0915237666569553,Blue
-7.668086944213419,2.9425367803180746,Blue
5.983512975939129,6.839148746988013,Red
-10.37619033145456,2.890577036548906,Blue
3.6211731065668085,6.867025258072151,Red
1.2792397300940883,6.871819681209734,Red
2.2224206362489713,7.710303389772454,Red
4.255159893575052,9.161974341297835,Red
-13.699000926895373,2.423632469252836,Blue
-10.004274443427594,4.3114841287096635,Blue
-10.08257640507328,4.610115106158342,Blue
-6.417610249567051,3.0979364210701843,Blue
-8.298415886010003,7.160754250425834,Blue
2.9318317359662016,9.030922367656142,Red
3.141726131002103,9.990686039746473,Red
1.5608769234791149,9.749492111774407,Red
-2.4286274219823083,5.882994392344019,Red
6.0945493308431455,6.6707162591327345,Red
0.14422230161242489,7.891712429907429,Red
-9.510154445711235,4.456148833970909,Blue
-10.254252702339512,1.5512098814029405,Blue
1.9831305258235994,9.885874743487287,Red
-8.214540770898724,1.9891354188707815,Blue
0.645752126528504,9.76478827388108,Red
-9.308472418601704,2.5508445579358647,Blue
1.2494405620782933,7.431538830086407,Red
-7.870284904753282,4.0305048839850075,Blue
-10.478405632424408,2.6610791877332987,Blue
-10.55031860755351,3.1831391316673567,Blue
-8.727651178736599,4.50495610241409,Blue
3.4500328954175705,6.4727891086180716,Red
-9.015928087675002,3.435188868028175,Blue
2.666578214455393,5.066949789954147,Red
4.501857719865024,9.051298892866022,Red
-11.47037650550616,4.122724263668382,Blue
-9.8787041445695,4.376160146269933,Blue
-10.92820125186862,4.102364172866688,Blue
-9.948895997258099,3.344463245004074,Blue
-9.751325785099244,3.115159297598214,Blue
1.5162862629228915,7.238884341875111,Red
-10.879593368277991,1.9016397775703882,Blue
6.113194357496388,5.808999790919019,Red
-8.62934525777901,5.330740295550539,Blue
-11.720404620411227,4.827308519438237,Blue
-10.055743887073266,1.1343370741458139,Blue
3.4834524245910234,8.42620101263863,Red
3.898261314422456,6.838604822783841,Red
-5.222928038012131,0.6805136312627185,Blue
2.5386979292197056,7.204250264469538,Red
-9.690823728110548,4.2583304906165065,Blue
-11.16498111320961,3.582784900458796,Blue
-0.3166647496717845,9.425606966973168,Red
0.9663736915408001,7.928633671223609,Red
2.514347742952434,8.90358646392155,Red
-8.77945780580814,4.62015372457083,Blue
2.568595026704541,8.319490952629375,Red
-12.456996556890957,3.868889937017011,Blue
2.983139399729451,5.456965481677877,Red
-7.544300309896002,3.306170084448744,Blue
-8.81051084873669,4.855014543994479,Blue
-1.6678294919588534,4.6076637493564485,Red
-11.250733331535386,2.077339212962301,Blue
-6.431052165676606,5.757289560069631,Blue
-9.860215847816116,1.2811559477748333,Blue
4.887556713572011,8.125817531706753,Red
1.7572633371897743,8.641540749974578,Red
-11.273458654686204,6.146187521558275,Blue
0.9446019535153636,7.61501737121556,Red
-11.88282949017095,0.8742446669299424,Blue
-8.42522484235627,6.069195076448217,Blue
4.476442513248604,9.456434493507029,Red
-9.727690903260662,3.5888995235037227,Blue
-0.8477008397596806,5.872540346053857,Red
-9.60068839169615,1.2226632274715143,Blue
1.034353896063184,5.509525038690102,Red
-10.349704397489065,1.0134582861038233,Blue
3.334957391251421,9.493814090351595,Red
-10.19972117220272,2.4679538897342876,Blue
0.16580045315766778,6.349670101530736,Red
-12.794229745889037,6.756191487314872,Blue
-9.438568221545708,4.479894706871716,Blue
-9.012306527780462,2.393250895036247,Blue
1.7119924098779462,8.813457026317861,Red
-3.2712009563991282,9.02103511827211,Red
0.6952632611284826,6.780379340592572,Red
0.009246075624961492,7.441394573442515,Red
-10.772406919471823,5.457628634264523,Blue
-9.174628905375085,4.208189687762033,Blue
1.1586709934354715,11.59523102378806,Red
-11.545305288236179,1.6244768427111551,Blue
-1.2852075643542502,6.781682070601491,Red
-8.524427473478005,0.2913383803378604,Blue
2.039913377155242,6.731199921376678,Red
3.9483340047164326,8.429509364766194,Red
-10.543612809646227,6.313403106380184,Blue
1.5268347233231898,9.147794548532687,Red
-0.5650224289391086,8.134220460061515,Red
5.1421574360728375,8.396187177260693,Red
-13.18564400609965,-0.20925499553658167,Blue
4.470857796866427,5.72256916752163,Red
-10.224923161290949,3.5490947407556273,Blue
2.6660709223966887,5.688110433637054,Red
3.9592766207344416,5.319112251466761,Red
0.32510274677839757,6.120681664783809,Red
2.98012128057868,8.769141105290108,Red
-8.852781956538466,4.931937239168819,Blue
2.6425288741868154,6.265347743520996,Red
-13.461326842551092,2.5103042079082365,Blue
-9.925920055323257,3.177005858214389,Blue
-8.872434490649376,8.144904991772192,Blue
-10.272427339798176,2.426087770096445,Blue
-13.134687643242874,3.295643322497502,Blue
-6.360432433201494,3.6877592094009164,Blue
2.159648448679867,6.217713551390435,Red
-9.236962095442179,2.5891006474872915,Blue
2.5997804081493485,7.846411590216979,Red
-11.067398311924364,4.35639568006198,Blue
3.3282218508175627,5.653539923177747,Red
-10.512000204576655,3.461336541042567,Blue
3.9524486644532093,7.56552184565239,Red
3.2771507174244463,8.378741109586274,Red
-10.077021372243495,1.0099054658936404,Blue
2.555378834750153,4.974834792960698,Red
4.340507841884548,5.454227169024202,Red
-11.526131601767101,4.932978104435513,Blue
-7.759039716255183,5.129829696690375,Blue
-7.2673423961502515,6.854176550078699,Blue
-9.804235900232868,3.4692156121332105,Blue
-7.880174507852428,0.47954862347131844,Blue
-1.1040640008947942,8.021108075883642,Red
-9.50571612427377,6.161211470814681,Blue
-9.985430011515326,1.97157237228902,Blue
4.795567755771145,8.74431309110351,Red
2.0190929078489916,5.361998780958768,Red
1.8279219382470977,6.008315598794825,Red
4.412743607072313,0.5768390217804971,Red
3.9267530000362187,8.673625161238979,Red
1.5178724723626134,5.160991016345065,Red
-12.518221248868926,5.634836186544192,Blue
-9.082185579286243,5.461739085263263,Blue
1.3618614647340603,9.726820352635853,Red
4.309185437782453,12.054781890619124,Red
